{
    "Llama-3.2-1B-Instruct-q0f16-MLC": {
        "BFCL_v3_parallel": {
            "use_stag": {
                "CALL_NUMBER_ERROR": 0.425,
                "FUNC_SELECT_ERROR": 0.0,
                "FUNC_NAME_ERROR": 0.0,
                "PARA_KEY_ERROR": 0.0,
                "TYPE_ERROR": 0.0,
                "ENUM_ERROR": 0.0,
                "PARA_VALUE_ERROR": 0.11,
                "CORRECT_CALL": 0.46499999999999997
            },
            "no_stag": {
                "CALL_NUMBER_ERROR": 0.475,
                "FUNC_SELECT_ERROR": 0.0,
                "FUNC_NAME_ERROR": 0.0,
                "PARA_KEY_ERROR": 0.0,
                "TYPE_ERROR": 0.37,
                "ENUM_ERROR": 0.0,
                "PARA_VALUE_ERROR": 0.105,
                "CORRECT_CALL": 0.05000000000000003
            },
            "correct_schema_rate": {
                "no_stag": 0.20789473684210527,
                "use_stag": 1.0
            }
        },
        "BFCL_v3_live_multiple": {
            "use_stag": {
                "CALL_NUMBER_ERROR": 0.6409001956947162,
                "FUNC_SELECT_ERROR": 0.036203522504892366,
                "FUNC_NAME_ERROR": 0.0,
                "PARA_KEY_ERROR": 0.0,
                "TYPE_ERROR": 0.0,
                "ENUM_ERROR": 0.0,
                "PARA_VALUE_ERROR": 0.13111545988258316,
                "CORRECT_CALL": 0.19178082191780826
            },
            "no_stag": {
                "CALL_NUMBER_ERROR": 0.6594911937377691,
                "FUNC_SELECT_ERROR": 0.02446183953033268,
                "FUNC_NAME_ERROR": 0.09784735812133072,
                "PARA_KEY_ERROR": 0.0019569471624266144,
                "TYPE_ERROR": 0.07338551859099804,
                "ENUM_ERROR": 0.0,
                "PARA_VALUE_ERROR": 0.07142857142857142,
                "CORRECT_CALL": 0.07142857142857145
            },
            "correct_schema_rate": {
                "no_stag": 0.2334152334152334,
                "use_stag": 1.0
            }
        }
    },
    "Llama-3.2-3B-Instruct-q0f16-MLC": {
        "BFCL_v3_parallel": {
            "use_stag": {
                "CALL_NUMBER_ERROR": 0.07,
                "FUNC_SELECT_ERROR": 0.0,
                "FUNC_NAME_ERROR": 0.0,
                "PARA_KEY_ERROR": 0.0,
                "TYPE_ERROR": 0.0,
                "ENUM_ERROR": 0.0,
                "PARA_VALUE_ERROR": 0.055,
                "CORRECT_CALL": 0.8749999999999999
            },
            "no_stag": {
                "CALL_NUMBER_ERROR": 0.065,
                "FUNC_SELECT_ERROR": 0.0,
                "FUNC_NAME_ERROR": 0.0,
                "PARA_KEY_ERROR": 0.0,
                "TYPE_ERROR": 0.48,
                "ENUM_ERROR": 0.0,
                "PARA_VALUE_ERROR": 0.27,
                "CORRECT_CALL": 0.18500000000000005
            },
            "correct_schema_rate": {
                "no_stag": 0.23121387283236994,
                "use_stag": 1.0
            }
        },
        "BFCL_v3_live_multiple": {
            "use_stag": {
                "CALL_NUMBER_ERROR": 0.023483365949119372,
                "FUNC_SELECT_ERROR": 0.04500978473581213,
                "FUNC_NAME_ERROR": 0.0,
                "PARA_KEY_ERROR": 0.0,
                "TYPE_ERROR": 0.0,
                "ENUM_ERROR": 0.0,
                "PARA_VALUE_ERROR": 0.25146771037182,
                "CORRECT_CALL": 0.6800391389432485
            },
            "no_stag": {
                "CALL_NUMBER_ERROR": 0.022504892367906065,
                "FUNC_SELECT_ERROR": 0.04403131115459882,
                "FUNC_NAME_ERROR": 0.0029354207436399216,
                "PARA_KEY_ERROR": 0.003913894324853229,
                "TYPE_ERROR": 0.2534246575342466,
                "ENUM_ERROR": 0.0,
                "PARA_VALUE_ERROR": 0.19569471624266144,
                "CORRECT_CALL": 0.4774951076320939
            },
            "correct_schema_rate": {
                "no_stag": 0.5828402366863905,
                "use_stag": 1.0
            }
        }
    },
    "Llama-3.1-8B-Instruct-q0f16-MLC": {
        "BFCL_v3_parallel": {
            "use_stag": {
                "CALL_NUMBER_ERROR": 0.08,
                "FUNC_SELECT_ERROR": 0.0,
                "FUNC_NAME_ERROR": 0.0,
                "PARA_KEY_ERROR": 0.0,
                "TYPE_ERROR": 0.0,
                "ENUM_ERROR": 0.0,
                "PARA_VALUE_ERROR": 0.045,
                "CORRECT_CALL": 0.875
            },
            "no_stag": {
                "CALL_NUMBER_ERROR": 0.085,
                "FUNC_SELECT_ERROR": 0.0,
                "FUNC_NAME_ERROR": 0.025,
                "PARA_KEY_ERROR": 0.0,
                "TYPE_ERROR": 0.14,
                "ENUM_ERROR": 0.0,
                "PARA_VALUE_ERROR": 0.165,
                "CORRECT_CALL": 0.585
            },
            "correct_schema_rate": {
                "no_stag": 0.6571428571428571,
                "use_stag": 1.0
            }
        },
        "BFCL_v3_live_multiple": {
            "use_stag": {
                "CALL_NUMBER_ERROR": 0.019569471624266144,
                "FUNC_SELECT_ERROR": 0.030332681017612523,
                "FUNC_NAME_ERROR": 0.0,
                "PARA_KEY_ERROR": 0.0,
                "TYPE_ERROR": 0.0,
                "ENUM_ERROR": 0.0,
                "PARA_VALUE_ERROR": 0.20645792563600782,
                "CORRECT_CALL": 0.7436399217221135
            },
            "no_stag": {
                "CALL_NUMBER_ERROR": 0.016634050880626222,
                "FUNC_SELECT_ERROR": 0.029354207436399216,
                "FUNC_NAME_ERROR": 0.0009784735812133072,
                "PARA_KEY_ERROR": 0.0,
                "TYPE_ERROR": 0.2054794520547945,
                "ENUM_ERROR": 0.0,
                "PARA_VALUE_ERROR": 0.14285714285714285,
                "CORRECT_CALL": 0.604696673189824
            },
            "correct_schema_rate": {
                "no_stag": 0.6817743490838959,
                "use_stag": 1.0
            }
        }
    },
    "Llama-3.1-70B-Instruct-q0f16-MLC": {
        "BFCL_v3_parallel": {
            "use_stag": {
                "CALL_NUMBER_ERROR": 0.045,
                "FUNC_SELECT_ERROR": 0.0,
                "FUNC_NAME_ERROR": 0.0,
                "PARA_KEY_ERROR": 0.0,
                "TYPE_ERROR": 0.0,
                "ENUM_ERROR": 0.0,
                "PARA_VALUE_ERROR": 0.035,
                "CORRECT_CALL": 0.9199999999999999
            },
            "no_stag": {
                "CALL_NUMBER_ERROR": 0.05,
                "FUNC_SELECT_ERROR": 0.0,
                "FUNC_NAME_ERROR": 0.0,
                "PARA_KEY_ERROR": 0.0,
                "TYPE_ERROR": 0.47,
                "ENUM_ERROR": 0.0,
                "PARA_VALUE_ERROR": 0.205,
                "CORRECT_CALL": 0.275
            },
            "correct_schema_rate": {
                "no_stag": 0.30623818525519847,
                "use_stag": 1.0
            }
        },
        "BFCL_v3_live_multiple": {
            "use_stag": {
                "CALL_NUMBER_ERROR": 0.007827788649706457,
                "FUNC_SELECT_ERROR": 0.021526418786692758,
                "FUNC_NAME_ERROR": 0.0,
                "PARA_KEY_ERROR": 0.0,
                "TYPE_ERROR": 0.0,
                "ENUM_ERROR": 0.0,
                "PARA_VALUE_ERROR": 0.162426614481409,
                "CORRECT_CALL": 0.8082191780821917
            },
            "no_stag": {
                "CALL_NUMBER_ERROR": 0.005870841487279843,
                "FUNC_SELECT_ERROR": 0.023483365949119372,
                "FUNC_NAME_ERROR": 0.0,
                "PARA_KEY_ERROR": 0.00684931506849315,
                "TYPE_ERROR": 0.19471624266144813,
                "ENUM_ERROR": 0.0,
                "PARA_VALUE_ERROR": 0.13209393346379647,
                "CORRECT_CALL": 0.6369863013698629
            },
            "correct_schema_rate": {
                "no_stag": 0.7324902723735408,
                "use_stag": 1.0
            }
        }
    },